{
  "Hikari Battleship": {
    "en": "Hikari Battleship",
    "ja": "ヒカリ戦艦",
    "fr": "Cuirassé Hikari",
    "de": "Hikari-Schlachtschiff",
    "es": "Acorazado Hikari",
    "pt": "Encouraçado Hikari",
    "zh": "光号战列舰"
  },
  "Hikari Battleship_desc": {
    "en": "A massive advanced human battleship equipped with powerful laser cannons and shields. It serves as Earth's last defense.",
    "ja": "強力なレーザー砲とシールドを備えた巨大な人類の戦艦。地球最後の防衛線となる。",
    "fr": "Un cuirassé humain avancé et massif équipé de puissants canons laser et de boucliers. Il constitue la dernière ligne de défense de la Terre.",
    "de": "Ein massives, fortschrittliches menschliches Schlachtschiff mit leistungsstarken Laserkanonen und Schilden. Es dient als letzte Verteidigung der Erde.",
    "es": "Un enorme acorazado humano avanzado equipado con potentes cañones láser y escudos. Sirve como la última defensa de la Tierra.",
    "pt": "Um enorme encouraçado humano avançado equipado com canhões laser poderosos e escudos. Serve como a última defesa da Terra.",
    "zh": "配备强大的激光炮和护盾的巨大先进人类战列舰，是地球的最后防线。"
  },
  "UFO Small": {
    "en": "UFO Small",
    "ja": "小型UFO",
    "fr": "Petit OVNI",
    "de": "Kleines UFO",
    "es": "OVNI pequeño",
    "pt": "OVNI pequeno",
    "zh": "小型飞碟"
  },
  "UFO Small_desc": {
    "en": "A small, nimble alien saucer that executes quick hit-and-run attacks.",
    "ja": "素早いヒットアンドアウェイ攻撃を仕掛ける小型で俊敏なエイリアン円盤。",
    "fr": "Une soucoupe extraterrestre petite et agile qui effectue des attaques rapides éclair.",
    "de": "Eine kleine, wendige Außerirdische Untertasse, die schnelle Angriffsmanöver ausführt.",
    "es": "Un platillo alienígena pequeño y ágil que realiza rápidos ataques de golpear y huir.",
    "pt": "Um disco alienígena pequeno e ágil que executa ataques rápidos de bater e fugir.",
    "zh": "执行快速打了就跑攻击的小巧敏捷的外星飞碟。"
  },
  "UFO Medium": {
    "en": "UFO Medium",
    "ja": "中型UFO",
    "fr": "OVNI moyen",
    "de": "Mittleres UFO",
    "es": "OVNI mediano",
    "pt": "OVNI médio",
    "zh": "中型飞碟"
  },
  "UFO Medium_desc": {
    "en": "A medium-sized alien craft with thicker armor and moderate firepower.",
    "ja": "より厚い装甲と中程度の火力を備えた中型のエイリアン船。",
    "fr": "Un vaisseau extraterrestre de taille moyenne doté d’un blindage plus épais et d’une puissance de feu modérée.",
    "de": "Ein mittelgroßes Alien-Schiff mit dickerer Panzerung und mittlerer Feuerkraft.",
    "es": "Una nave alienígena de tamaño mediano con armadura más gruesa y potencia de fuego moderada.",
    "pt": "Uma nave alienígena de tamanho médio com blindagem mais espessa e poder de fogo moderado.",
    "zh": "具有较厚装甲和中等火力的中型外星飞船。"
  },
  "UFO Heavy": {
    "en": "UFO Heavy",
    "ja": "大型UFO",
    "fr": "OVNI lourd",
    "de": "Schweres UFO",
    "es": "OVNI pesado",
    "pt": "OVNI pesado",
    "zh": "重型飞碟"
  },
  "UFO Heavy_desc": {
    "en": "A large, heavily armored alien ship armed with high-energy weapons.",
    "ja": "高エネルギー兵器を装備した大型で重装甲のエイリアン船。",
    "fr": "Un grand vaisseau extraterrestre lourdement blindé armé d’armes à haute énergie.",
    "de": "Ein großes, schwer gepanzertes Alien-Schiff, bewaffnet mit Hochenergie-Waffen.",
    "es": "Una gran nave alienígena fuertemente blindada armada con armas de alta energía.",
    "pt": "Uma grande nave alienígena fortemente blindada equipada com armas de alta energia.",
    "zh": "配备高能武器的大型重装甲外星飞船。"
  },
  "UFO Boss": {
    "en": "UFO Boss",
    "ja": "ボスUFO",
    "fr": "OVNI Boss",
    "de": "Boss-UFO",
    "es": "OVNI jefe",
    "pt": "OVNI chefe",
    "zh": "头目飞碟"
  },
  "UFO Boss_desc": {
    "en": "A colossal alien mothership commanding the invasion fleet, featuring multiple tiers and devastating weapons.",
    "ja": "複数の層と壊滅的な武器を備え、侵略艦隊を指揮する巨大なエイリアン母船。",
    "fr": "Un colossal vaisseau-mère extraterrestre commandant la flotte d’invasion, doté de plusieurs étages et d’armes dévastatrices.",
    "de": "Ein kolossales außerirdisches Mutterschiff, das die Invasionsflotte befehligt, mit mehreren Ebenen und verheerenden Waffen.",
    "es": "Una colosal nave nodriza alienígena que comanda la flota de invasión, con múltiples niveles y armas devastadoras.",
    "pt": "Uma colossal nave-mãe alienígena que comanda a frota de invasão, com vários níveis e armas devastadoras.",
    "zh": "指挥入侵舰队的庞大外星母舰，具有多层结构和毁灭性武器。"
  },
  "Laser Bolt": {
    "en": "Laser Bolt",
    "ja": "レーザー弾",
    "fr": "Boulon laser",
    "de": "Laserbolzen",
    "es": "Proyectil láser",
    "pt": "Projétil laser",
    "zh": "激光弹"
  },
  "Laser Bolt_desc": {
    "en": "The player's standard projectile, firing concentrated blue laser energy.",
    "ja": "プレイヤーの標準的な弾丸で、青いレーザーエネルギーを集中して発射する。",
    "fr": "Le projectile standard du joueur, tirant une énergie laser bleue concentrée.",
    "de": "Das Standardprojektil des Spielers, das konzentrierte blaue Laserenergie abfeuert.",
    "es": "El proyectil estándar del jugador, que dispara energía láser azul concentrada.",
    "pt": "O projétil padrão do jogador, que dispara energia laser azul concentrada.",
    "zh": "玩家的标准弹丸，发射集中的蓝色激光能量。"
  },
  "Plasma Bolt": {
    "en": "Plasma Bolt",
    "ja": "プラズマ弾",
    "fr": "Boulon plasma",
    "de": "Plasmabolzen",
    "es": "Proyectil de plasma",
    "pt": "Projétil de plasma",
    "zh": "等离子弹"
  },
  "Plasma Bolt_desc": {
    "en": "Enemy projectile, a glowing orb of volatile plasma energy.",
    "ja": "敵の弾丸で、不安定なプラズマエネルギーの輝く球体。",
    "fr": "Projectile ennemi, une orbe brillante d’énergie plasma volatile.",
    "de": "Feindliches Projektil, eine leuchtende Kugel aus instabiler Plasmaenergie.",
    "es": "Proyectil enemigo, una esfera brillante de energía de plasma volátil.",
    "pt": "Projétil inimigo, uma esfera brilhante de energia de plasma volátil.",
    "zh": "敌方的弹丸，是一个发光的易变等离子能量球。"
  }
}